username,password
user001,"5G,pdTebsC~o"
user002,<7Yzt]^_XT26
user003,!02YN&%.kHzq
user004,3\i!$n0~[Ipp
user005,$^]2r}C;Sp_;
user006,*Nr`JsPmwN|r
user007,UNv+'jy{p_48
user008,=K{F):\0xz*W
user009,TYHGjkIu.7!o
user010,",e-IRK+/L\uD"
user011,;C9L<ge]ZN`y
user012,LY*5(DD$d@RD
user013,fl>{!.JnX@#^
user014,.^H8J(_Z[NF*
user015,"?WF&(2]_q!a"""
user016,"k-,VctZ0l'Ti"
user017,!tx=+UGzdMUZ
user018,Hg6pU8(oVEa1
user019,6l:k*18#SW5K
user020,SVW6@{U(%17S
user021,m{yay5`L]O;o
user022,4^STZ#!R9h.-
user023,cH5)ZDSxiFG&
user024,n!6A$l}j1OmY
user025,?UUe%X~TezXS
user026,*X0Y#h&\nz1[
user027,"&D'Xx1T""o3uq"
user028,XqAwa.Y>v{t'
user029,"PJMY'""2S@}Ig"
user030,=Y%b@iz47GGN
user031,"muX8-NX$,.Wi"
user032,h^v>EJAJH3/e
user033,FWg=xXB@WlTs
user034,?De9;lz`u0m:
user035,u~[9lub'_ic6
user036,V/nU^[5O)h62
user037,lMLLk[9X6H\q
user038,"?Q7%zbL]Zm""N"
user039,}ou3J{9t^^gh
user040,kl/r5{iFjs8y
user041,GX.L:Hib#t>)
user042,ihH$+mZEv:Br
user043,-0QU\3eA-6Xd
user044,"dV{78IRC-d"","
user045,UJ5]&oMViOVc
user046,Ux4~H;A?FJ>b
user047,3:DUq}F&a'1E
user048,IA[)1)y'M%|4
user049,")vG'3/t\+""mR"
user050,%Dss'lF7B;O/
user051,p/|rH4MBk!#2
user052,uVizqtm\V>)F
user053,V+0ZLl-yr01)
user054,HpgK8TPs!)6E
user055,gyHv~qBE'Mx5
user056,"oP=j.)`S"">K)"
user057,mm0xS^jY#hI$
user058,=h&R&?j/K\1@
user059,w4R5Rc?K9#%{
user060,"2""PVP^jM?+@R"
user061,"|77,p]FgePz4"
user062,MM>*`Vcjq3T?
user063,*Au#j^Ymn#2.
user064,"O,,fx&b""sK4s"
user065,yTzF)]R*We7n
user066,"i=Uee""hDVH-U"
user067,#Q}]*VQ*1v'2
user068,"c]{z^2b,z}#j"
user069,SY_rN9`(+8Fy
user070,x+g2YJ\RgjSk
user071,"eJ<dJl:s'A""j"
user072,'x~AKlWa@o|s
user073,o:t+;[;6LYd9
user074,2'NRr9%_V@cF
user075,"cpU3PU[>,!0l"
user076,OypgK^SB%S-k
user077,"%sz,+bL""gqiS"
user078,8>tj)]z)P:l^
user079,pH+9ho/L{!mV
user080,-v;&K(_*B^N]
user081,"Xv*OPEiTcAd,"
user082,8Odul-=VI2w%
user083,"aD?T,3Dw\zXy"
user084,lHe(N.|?%f}i
user085,pW`@CRzmD5-~
user086,SXxqL6_]+qg'
user087,k0hd_{#mL~NB
user088,:?tIM[Yh#D<5
user089,/1]g8'P'qFMm
user090,m2CY$fys2xc.
user091,u)TN?Kjo.M2r
user092,N/Q<dBo&XzW7
user093,"O,+?&;Ly'F,S"
user094,"L`@jgsry/+c,"
user095,)-QODgp6k5|!
user096,jKG!SuKPN5.{
user097,7;b\x_esA-^c
user098,1thBD&+O4LWX
user099,tDTiJ*JFOF/m
user100,Li+[(Gv?yTan
user101,6@^.F-j(}g4_
user102,5]&aUNqSPNzl
user103,M%eC1OB1:5Wm
user104,0SDqG64V)A{r
user105,]#I-4)S$t#(2
user106,Zbf2D!T@&l`N
user107,~BqbaEr>0tiW
user108,"ST""SnV.=G{:]"
user109,$Rtpie^=6\28
user110,]#Wlgj;VQ!t9
user111,xg%SZ\%+hX17
user112,g7~w6fl[+Wx>
user113,v\mb;/qR^lNF
user114,wOf9*$=P{j1`
user115,2zcY^U)gI]p^
user116,=Mb*`(S0sp}W
user117,",XcM{aa|Q4J["
user118,d^x:Pm$\1\*i
user119,/:0Ho3L@Uy5-
user120,.QT]k47>z2Nj
user121,~Q\C(:}H_KQ>
user122,Ei$NBHJ%{u-n
user123,W)}u:r}nwq;<
user124,PT{ztz;((|c^
user125,"Xq""]'E)F;K="""
user126,bTMc\KX4|cvf
user127,(&cz#hG8TZ(]
user128,<tdI=>>\`/c.
user129,/{Jd]6YQ>'Io
user130,(`XYn&]'P:H[
user131,:a6C^q`Ts*X(
user132,=Aq/bL|BJso}
user133,c8#6:?2xNvKb
user134,dOax>XBXDXj]
user135,jzaGI:Tj_B]y
user136,pPLJYF848<?S
user137,FhMfmZXnvR%C
user138,ij\mb?JFd`#k
user139,.4SI7}@Mk]\b
user140,LC/DqI~-=l$l
user141,"!\(cT_9M`H""T"
user142,a:|MjJozgJGL
user143,~RI5*^hU*ZX^
user144,qy4b*2C_!cuk
user145,"WS""U&j]xOupZ"
user146,0D:I:l_Ui[S(
user147,`ga`Cq#+e|FD
user148,'w/Sw-8a{3ej
user149,maMl05hR*NAf
user150,C$]I'N{BbP-6
user151,4b@GWE<^VUKa
user152,m{a>rQ5&sXV%
user153,"eNQYYuf,2*2T"
user154,"]6""IMOt&8I*2"
user155,"B[N]6cj""(xLL"
user156,q<{k`mt@e21+
user157,z_Du\*AIHi:q
user158,a<U$p%jWz*uh
user159,&)fK4p67PgeJ
user160,"0gt2j(z4""P]/"
user161,OB*H~%K(\cw2
user162,9.e9~Zj644b?
user163,9&84~[o)fKOZ
user164,UpfOnjP})D}l
user165,"V[""#y^u>pPXj"
user166,5o:w*U+~GuI$
user167,bX.l/+1IQ9-O
user168,Scd!c(_3[B]0
user169,5-B\Ej#6~*P?
user170,CDU_3hD*tYz%
user171,._rZA^tJ?jns
user172,)TLktQ_K0@&T
user173,E{8@HJ\([{#;
user174,rmQ%*!.T||$J
user175,L|nqsh1d\6]u
user176,"zv,UL<[v4l(S"
user177,",1c{`#2L~brt"
user178,y?\DW)?@uu!F
user179,;2u85@d:_xN'
user180,gXV2$9}'rc.U
user181,eRX\/0`/LFB3
user182,"Yui6y$TwZ,Ii"
user183,qC].P.K|mQP\
user184,.@4y/jKPdpNB
user185,\<%`B:]l3NL+
user186,K_2G$rE]O{6r
user187,"DA`%hpJ.,qB*"
user188,"c#ADzS._[""<8"
user189,[`BT(\=9GzeT
user190,}-=`+Ioh}|Hc
user191,3=U+!n+SMmJ7
user192,lD]bNry+%~Qc
user193,kI8Y3{G#J<Lw
user194,}Ei`_6Q&OS[E
user195,"Re)~\""-yJ;_p"
user196,EXR9%}:Z$#!G
user197,"RJ""ri+_u8HMA"
user198,\Vn&r1-Gwj$-
user199,P&KaA0o5=|O>
user200,(/^Ba)(z>ZSK
user201,)N'|V55j6Wcj
user202,WK&}kf`Uq2z{
user203,([Wyh<QvaJb:
user204,pEEX-D10>O(q
user205,(']-u}%<C]wI
user206,RUS)Zq{h:mdE
user207,s9=7|1mN^$rJ
user208,",xe+%NaD?h0d"
user209,"M,eET9rq$Bp-"
user210,;<a1Du\+j:cf
user211,"q/,RhHh5j0d@"
user212,GUP=^<KrTw].
user213,Iv!(f}4))r%8
user214,"GdfQ]L:,$w8X"
user215,=wU<}mHU+!X0
user216,OK1BXe*s486X
user217,"$'SQ.\E,Qy5c"
user218,"""TR0pTvS5>.>"
user219,0hnaY3D6-V8?
user220,9rasRUbpDf)o
user221,a0g/'&K?Ab|A
user222,"lj""YC5cBm>17"
user223,[M'|NiDg\J/9
user224,",}C$p1/'-Z'W"
user225,Lh@g_o]L}ct1
user226,1apIkp.|HW9v
user227,[Ap5{z>8LBY7
user228,m4{-/5h}2LEa
user229,[IW9LrO]&AAY
user230,8x'-/ur|Y\+;
user231,e8xe#(P%px(^
user232,K*Zzk<9-YMex
user233,"J|{q?QH+$}D,"
user234,"z6wFv},$yw(l"
user235,J)c^J#D!R-}K
user236,gu(sM@`Ld>\>
user237,%}Zj'+R{=?K\
user238,(N7YItXe$bkX
user239,<`f`p&./:VdP
user240,hG<ko}5[iqLO
user241,n%[Z4*&AO'hu
user242,_w3Bh^cqTSXk
user243,]MUa%z/eJh2X
user244,"Pb4q1-,+ivI]"
user245,"{/5y,im-:WS7"
user246,L&tkaH\rD}fb
user247,cUXbDg-(dM&r
user248,f:<&CX+1s`pK
user249,"TOda,].'ud*S"
user250,:di~qe_0(7Uy
user251,4votR:;tyK?Q
user252,8&bXDMgBCKOR
user253,".TNJxab""7BgE"
user254,Lu$;M@HPGTTU
user255,",0*M-Na@~qak"
user256,7G:nI-B)eld]
user257,}<n%B</WsqRj
user258,P.ck}UUME&Vl
user259,$#0~'r>2DCm*
user260,"M|Uy|,~DN4,7"
user261,O.F>V>!Q0/qL
user262,LBS\Li]nBj-[
user263,S^W_D|[g%k^R
user264,cv#o^.{Enprc
user265,"Iw4`ABs,2<""%"
user266,tDTnUUg<r(j]
user267,"ymed,ck|'{<a"
user268,!RPC5.`2CZ``
user269,"*8706k$},e&l"
user270,]Kpzf4}q%Y|8
user271,eo01n(&z;g?~
user272,",C'Dyx42WJ7r"
user273,"l|${,!tJH}46"
user274,oY'YtM>>rH&M
user275,"~>,n8&;GI0)t"
user276,J%<9^p;ePO9S
user277,"`^m1""9=jaKVY"
user278,$|9r;x]<a{\n
user279,"~VLVrn,fb%4N"
user280,")G\,{|;m`^(`"
user281,"H93|PFPcT,rj"
user282,m>/PaxW`CZdO
user283,"""qZWUO18$}\%"
user284,VgAL}gB^}]6Z
user285,xbRAk[f~H`g\
user286,+(;vR_/]-uIa
user287,]<_8iM`pMP(8
user288,^jGN1e-;{b?|
user289,OVhn[`KJSb;k
user290,L:L-Q7$2<D69
user291,]*a'<7`DG9C*
user292,"+)H,HK.bPcaG"
user293,"H/EKvqxeMn,u"
user294,n~8V9o7&LJQ)
user295,"XB!$,[v?S{y7"
user296,Lnjcz/3FfsgV
user297,LWbtRb7#s_K?
user298,^k<FJ^Nid}vS
user299,"/mo9,Odft)D_"
user300,aWmSfeltF`gq
user301,m68?*w_w}%<O
user302,"?45Uk_Y.X4,;"
user303,")%&VA,zMXHUl"
user304,i`?NtMb]=P~j
user305,"R6byZPn85$,r"
user306,=6O4vIc.z<OZ
user307,H\ivop*BbM{&
user308,",/cIZ{KA=o;o"
user309,"uRn4C)nS.X""\"
user310,1fHj&[9K[#!j
user311,g|2>m6VsG3a+
user312,"?!xi!,~yD&^G"
user313,|pg%$<E{R7~>
user314,*4QkPIj.n!Z9
user315,FyXzZ<$MCBiW
user316,;{<C#S:.~0C<
user317,Pb~:Lr6+Zvsv
user318,"?x\GqYB-.""_1"
user319,doAYF.irm4KX
user320,n{-\Y*J0MVc9
user321,'GTndGj:bTPe
user322,yHc{;iO#fPMS
user323,"""jDj~b,$"".%3"
user324,nG)RqU=JJ].W
user325,"n\k9,0=RxsTc"
user326,`0:r$I'DpViu
user327,)7Nur<BpvDfh
user328,@PxtsH4WT^<3
user329,Rh:_\G.O~kZO
user330,`deH!s?uUdo;
user331,Va[r`H/qaMZ>
user332,DlDA%uW~#df$
user333,dJA=yOG_RbO$
user334,b*I9vTJS\>H2
user335,2Ve8zGFj[Wjv
user336,osCO-Zq\ZEr\
user337,]z{>fuS}c`P]
user338,rK2}?|mVA&H&
user339,",)Eb['oIhTH["
user340,SBe_l\1r;Y+}
user341,8b+X(+=-.o\v
user342,$r[b[)}$}ZL7
user343,E.2PU6T8<ou_
user344,'MI4J9U+Htk<
user345,.1nZ-810RXih
user346,ack1p5t'][-L
user347,"EStEV$!},]%-"
user348,wApIpQvw-@$L
user349,=NI_=O@&7wu7
user350,vqoTfl/%[l:N
user351,&Hlh-{r#AiXn
user352,"{s2,~zYs>DJ%"
user353,mvvmRxexf^y]
user354,>:Fa:G&S-D+8
user355,"{SZ`|oYu(c""z"
user356,WZo*<hM;Udfu
user357,a.x3-~9Ls27@
user358,"BA[\Y?z""=[Nm"
user359,_t)~80ux_o%C
user360,"vU(!J""ln9s@e"
user361,"fQOztD2,j85E"
user362,RD-s1EN[]WJ-
user363,"aqUCT&CxAMz,"
user364,xXqpDyb*Mk5=
user365,;+8hU?5i^~K4
user366,NOI0bF/m*TAv
user367,*jL2Y/@$]qF;
user368,"nFg[>o1G,0:^"
user369,4ks2ra@YK_(h
user370,sbc|PhCG$cF9
user371,Z=G&sZ5kR%q3
user372,:b_PS0)4?<wJ
user373,bxW@7KNFvl9I
user374,=*/68.O|6cz[
user375,sL#^^qHEI2%m
user376,c7!5&J!4LvZi
user377,1%*-)VFeY&pm
user378,"4i-Mi`,1wu=@"
user379,cAtc[nG*-Zjw
user380,",nS#v:w;ZE3c"
user381,r05!f2L5{oh/
user382,x!ZDqm\/_EU8
user383,"F|vT^9FL)ii"""
user384,U|&_O(/9WO{'
user385,feMxqAGLeH7F
user386,:[6!~tV[}jd/
user387,3-bTxlHRbA'l
user388,s{cvoFc]H+%2
user389,ih>kRN1x(k-X
user390,DiWEiWB9_*fl
user391,I(nSaX^z?_'H
user392,)_%SiI}Ar$Ox
user393,zapvMJNH`jPj
user394,VQ@f-0kNs268
user395,HE-~B@vIYZ-j
user396,U{x_AT?L=82;
user397,VZ>;f:far*Ux
user398,d1M$8}aAE%LR
user399,1Bq\yBb/[dyf
user400,"X8$=""@-7^Ps|"
user401,"\V,\),rfdo\."
user402,"+Xh3ox_3""jy="
user403,$)]JZTcF542X
user404,ntcd/''|0xqK
user405,3\HQ9ZulG!PP
user406,\@=NA;g]bUI]
user407,Q;uEa@m.sPI%
user408,'f6yUA>b]v)~
user409,"""4[03C+KxBG/"
user410,WgCbk!-#{K0G
user411,"i&Rl2,$+Q&!$"
user412,miX_brM#*[h!
user413,d=~Up8*bh<D2
user414,U|*2(^K1oMJ1
user415,%HSK^e</{E-J
user416,jR0T}q@p^[;!
user417,95Xu#&0rhVt\
user418,w8FgpWl/$r4/
user419,s8^(ejp-y+GO
user420,"h,2d&W'U7?<G"
user421,!+xI<1G|&Lih
user422,dk$SA7)~SUe_
user423,ra4Dkt!lFzrd
user424,G_Nu2nJA^U.Z
user425,4~M]qFN.^jKr
user426,"1,Q&54,*3`x{"
user427,J=_K2T;P\H$z
user428,AIUD|39_&`Z+
user429,1Iqq9fgD|%O.
user430,o8hTX#%^6]Ol
user431,{37)JP31Y%@m
user432,T?SxvbEEZwb^
user433,*i~{H{u}O+88
user434,*:Zs&bvC9b$\
user435,h@60(.C[uq5[
user436,(zx'y*q(AaNY
user437,.;mb3[eYQ.;F
user438,7)Jc*4''*A3=
user439,"r~],!:VHQ4r6"
user440,h=4+e'0~VpD/
user441,g/C=qmrO'Yla
user442,^E#a}c'LdJ:}
user443,gYd!2a@X`)na
user444,@ES1Vv[rSerY
user445,~s|^vf(qkf;v
user446,"FFVhS[m]]""gp"
user447,BGFq@AkvqPiN
user448,zQ9K6ZunICPv
user449,oED#KM95tR?Q
user450,CSpGUSqa}z6'
user451,"J#b@OC_+""8G2"
user452,fkb3KU.o7=tU
user453,wCzGM|e{&*$:
user454,"/\<SvefrFwn,"
user455,kEaBkpd=1:[b
user456,"v8jL$c""!CJkZ"
user457,z1&x|dj+EVp=
user458,"g!HQ""TE,6tp<"
user459,"-O;,_Hh6ZUi8"
user460,at=6PZ!X-62F
user461,0?*nq]'=o%0o
user462,J{KE!kvD}^<|
user463,@Ue/ogUJw65|
user464,Z8&7mwf3o4QY
user465,";]0K6b>EzO""c"
user466,^IdM6+a<!_;)
user467,".PnLAJW""T:\t"
user468,R:zZ5=Mb5v8U
user469,.Be?x()80[yR
user470,j)_4!~e'D?Sl
user471,1+~wjNrS-wsz
user472,`xP;i#R)irgx
user473,"UJRB/\9]GA,%"
user474,^!_=!CU5N*7\
user475,rgxRZ)TO7H`V
user476,_?%+2X8Ahwje
user477,QDi4xqY2iC+e
user478,")sq""qrc_?sBX"
user479,"Zze}(iT<RPp,"
user480,$Z#{N;+[W?{_
user481,X!%WHNPFK}Cd
user482,"FA,6W)5/BuT~"
user483,79'T[:vbeh^A
user484,Qlr'5bDQND$i
user485,|#>C#CgCEjbd
user486,f4T|V|OZ@9Ij
user487,$_%e2a]Sw((<
user488,"iREfE,/<+[ox"
user489,]Tz@I/&~9;2Q
user490,=V|jyma.eoC[
user491,sdE$sO4\.rlK
user492,~:MsX4SPxPp&
user493,"V""5S.:J9yD*~"
user494,bT!Ky2[3<_2(
user495,0RcpGnQ(W<t-
user496,@K*8(u<7hI^S
user497,>f.T$>i%4$S<
user498,f[K&69EJ2Guq
user499,u.{B(P(f->Pb
user500,G{n[%b1gq6o[
